Employee,Risk_%,Top_Driver,Employee_Value,Population_Avg,Contribution,Direction
14668,93.1,MonthlyRate,25308.0,14297.63,221.0079,▲ risk
14665,93.1,MonthlyRate,25308.0,14297.63,221.0079,▲ risk
14657,93.1,MonthlyRate,25308.0,14297.63,221.0079,▲ risk
5997,92.0,MonthlyRate,25422.0,14297.63,223.2962,▲ risk
5989,92.0,MonthlyRate,25422.0,14297.63,223.2962,▲ risk
6000,91.2,MonthlyRate,9100.0,14297.63,-104.3305,▼ risk
17242,88.4,MonthlyRate,7568.0,14297.63,-135.0819,▼ risk
17238,88.4,MonthlyRate,7568.0,14297.63,-135.0819,▼ risk
17234,88.4,MonthlyRate,7568.0,14297.63,-135.0819,▼ risk
17246,88.4,MonthlyRate,7568.0,14297.63,-135.0819,▼ risk
3479,88.2,Application ID,0.0,7489.08,-128.7847,▼ risk
3482,88.2,Application ID,2764.0,7489.08,-81.2541,▼ risk
3490,88.2,Application ID,2771.0,7489.08,-81.1337,▼ risk
3487,88.2,Application ID,2768.0,7489.08,-81.1853,▼ risk
17236,88.1,MonthlyRate,7568.0,14297.63,-135.0819,▼ risk
17239,88.1,MonthlyRate,7568.0,14297.63,-135.0819,▼ risk
17244,88.1,MonthlyRate,7568.0,14297.63,-135.0819,▼ risk
17247,88.1,MonthlyRate,7568.0,14297.63,-135.0819,▼ risk
5987,87.2,MonthlyRate,25422.0,14297.63,223.2962,▲ risk
5995,87.2,MonthlyRate,25422.0,14297.63,223.2962,▲ risk
14879,86.0,Application ID,11827.0,7489.08,74.5963,▲ risk
14878,86.0,Application ID,11826.0,7489.08,74.5791,▲ risk
14872,86.0,Application ID,11820.0,7489.08,74.4759,▲ risk
14871,86.0,Application ID,11819.0,7489.08,74.4587,▲ risk
14870,86.0,Application ID,11818.0,7489.08,74.4415,▲ risk
14864,86.0,Application ID,11813.0,7489.08,74.3555,▲ risk
2497,85.5,MonthlyRate,2243.0,14297.63,-241.969,▼ risk
2504,85.5,MonthlyRate,2243.0,14297.63,-241.969,▼ risk
3486,85.3,Application ID,2767.0,7489.08,-81.2025,▼ risk
3478,85.3,Application ID,2762.0,7489.08,-81.2885,▼ risk
11163,85.0,Application ID,8844.0,7489.08,23.2996,▲ risk
11175,85.0,Application ID,8854.0,7489.08,23.4716,▲ risk
11171,85.0,Application ID,8851.0,7489.08,23.42,▲ risk
11167,85.0,Application ID,8847.0,7489.08,23.3512,▲ risk
2498,84.9,MonthlyRate,3372.0,14297.63,-219.307,▼ risk
2505,84.9,MonthlyRate,3372.0,14297.63,-219.307,▼ risk
11165,84.6,Application ID,0.0,7489.08,-128.7847,▼ risk
11176,84.6,Application ID,8855.0,7489.08,23.4888,▲ risk
11173,84.6,Application ID,8852.0,7489.08,23.4372,▲ risk
11168,84.6,Application ID,8848.0,7489.08,23.3684,▲ risk
6002,84.0,MonthlyRate,25422.0,14297.63,223.2962,▲ risk
5994,84.0,MonthlyRate,25422.0,14297.63,223.2962,▲ risk
5998,84.0,MonthlyRate,25422.0,14297.63,223.2962,▲ risk
5990,84.0,MonthlyRate,25422.0,14297.63,223.2962,▲ risk
14875,83.8,Application ID,11823.0,7489.08,74.5275,▲ risk
3489,83.5,MonthlyRate,23281.0,14297.63,180.3205,▲ risk
3481,83.5,MonthlyRate,23281.0,14297.63,180.3205,▲ risk
5999,83.1,MonthlyRate,7103.0,14297.63,-144.4157,▼ risk
5991,83.1,MonthlyRate,7103.0,14297.63,-144.4157,▼ risk
10654,82.3,MonthlyRate,8870.0,14297.63,-108.9472,▼ risk
10646,82.3,MonthlyRate,8870.0,14297.63,-108.9472,▼ risk
12476,81.2,MonthlyRate,17258.0,14297.63,59.4226,▲ risk
10650,81.1,MonthlyRate,7129.0,14297.63,-143.8938,▼ risk
12470,81.0,MonthlyRate,7129.0,14297.63,-143.8938,▼ risk
12471,81.0,MonthlyRate,8213.0,14297.63,-122.135,▼ risk
12478,81.0,MonthlyRate,7129.0,14297.63,-143.8938,▼ risk
12479,81.0,MonthlyRate,8213.0,14297.63,-122.135,▼ risk
12481,80.5,MonthlyRate,17258.0,14297.63,59.4226,▲ risk
12467,80.5,Application ID,0.0,7489.08,-128.7847,▼ risk
12469,80.5,MonthlyRate,17258.0,14297.63,59.4226,▲ risk
12472,80.5,MonthlyRate,17258.0,14297.63,59.4226,▲ risk
12473,80.5,MonthlyRate,17258.0,14297.63,59.4226,▲ risk
12475,80.5,MonthlyRate,17258.0,14297.63,59.4226,▲ risk
12477,80.5,MonthlyRate,17258.0,14297.63,59.4226,▲ risk
12480,80.5,MonthlyRate,17258.0,14297.63,59.4226,▲ risk
10658,80.0,MonthlyRate,8870.0,14297.63,-108.9472,▼ risk
10660,80.0,MonthlyRate,8870.0,14297.63,-108.9472,▼ risk
10651,80.0,MonthlyRate,8870.0,14297.63,-108.9472,▼ risk
13281,80.0,MonthlyRate,2097.0,14297.63,-244.8997,▼ risk
13289,80.0,MonthlyRate,2097.0,14297.63,-244.8997,▼ risk
273,79.8,Application ID,223.0,7489.08,-124.9499,▼ risk
176,79.1,Application ID,141.0,7489.08,-126.36,▼ risk
20074,78.1,Application ID,0.0,7489.08,-128.7847,▼ risk
20066,78.1,Application ID,0.0,7489.08,-128.7847,▼ risk
8835,77.6,MonthlyRate,7360.0,14297.63,-139.257,▼ risk
17359,77.6,Application ID,13809.0,7489.08,108.6794,▲ risk
8827,77.6,MonthlyRate,7360.0,14297.63,-139.257,▼ risk
17363,77.6,Application ID,13812.0,7489.08,108.731,▲ risk
17367,77.6,Application ID,13815.0,7489.08,108.7826,▲ risk
17355,77.6,Application ID,13805.0,7489.08,108.6106,▲ risk
8824,77.6,MonthlyRate,7360.0,14297.63,-139.257,▼ risk
8832,77.6,MonthlyRate,7360.0,14297.63,-139.257,▼ risk
482,76.7,MonthlyRate,21293.0,14297.63,140.416,▲ risk
475,76.7,MonthlyRate,21293.0,14297.63,140.416,▲ risk
485,76.7,MonthlyRate,21293.0,14297.63,140.416,▲ risk
472,76.7,MonthlyRate,21293.0,14297.63,140.416,▲ risk
17774,76.5,MonthlyRate,26619.0,14297.63,247.3232,▲ risk
17775,76.5,MonthlyRate,26619.0,14297.63,247.3232,▲ risk
17765,76.5,MonthlyRate,26619.0,14297.63,247.3232,▲ risk
17767,76.5,MonthlyRate,26619.0,14297.63,247.3232,▲ risk
17768,76.5,MonthlyRate,26619.0,14297.63,247.3232,▲ risk
17772,76.5,MonthlyRate,26619.0,14297.63,247.3232,▲ risk
16354,76.2,MonthlyRate,21436.0,14297.63,143.2864,▲ risk
16346,76.2,MonthlyRate,21436.0,14297.63,143.2864,▲ risk
4835,76.1,MonthlyRate,3064.0,14297.63,-225.4894,▼ risk
4828,76.1,MonthlyRate,3064.0,14297.63,-225.4894,▼ risk
16276,75.8,MonthlyRate,22262.0,14297.63,159.8665,▲ risk
16268,75.8,MonthlyRate,22262.0,14297.63,159.8665,▲ risk
16272,75.8,MonthlyRate,22262.0,14297.63,159.8665,▲ risk
16264,75.8,MonthlyRate,22262.0,14297.63,159.8665,▲ risk
2925,75.6,MonthlyRate,4605.0,14297.63,-194.5573,▼ risk
486,75.6,MonthlyRate,21293.0,14297.63,140.416,▲ risk
476,75.6,MonthlyRate,21293.0,14297.63,140.416,▲ risk
474,75.6,MonthlyRate,21293.0,14297.63,140.416,▲ risk
484,75.6,MonthlyRate,21293.0,14297.63,140.416,▲ risk
13277,75.3,Application ID,10548.0,7489.08,52.6022,▲ risk
13285,75.3,Application ID,10555.0,7489.08,52.7225,▲ risk
5992,75.2,Application ID,0.0,7489.08,-128.7847,▼ risk
16274,75.2,MonthlyRate,22262.0,14297.63,159.8665,▲ risk
16266,75.2,MonthlyRate,22262.0,14297.63,159.8665,▲ risk
16262,75.2,MonthlyRate,22262.0,14297.63,159.8665,▲ risk
16270,75.2,MonthlyRate,22262.0,14297.63,159.8665,▲ risk
20063,75.0,Application ID,15980.0,7489.08,146.0126,▲ risk
20071,75.0,Application ID,15987.0,7489.08,146.133,▲ risk
14660,74.9,MonthlyRate,25308.0,14297.63,221.0079,▲ risk
11063,74.9,MonthlyRate,4050.0,14297.63,-205.6977,▼ risk
1772,74.2,MonthlyRate,4567.0,14297.63,-195.3201,▼ risk
1779,74.2,MonthlyRate,4567.0,14297.63,-195.3201,▼ risk
392,73.4,MonthlyRate,7324.0,14297.63,-139.9796,▼ risk
382,73.4,MonthlyRate,7324.0,14297.63,-139.9796,▼ risk
394,73.4,MonthlyRate,7324.0,14297.63,-139.9796,▼ risk
384,73.4,MonthlyRate,7324.0,14297.63,-139.9796,▼ risk
13288,73.1,Application ID,0.0,7489.08,-128.7847,▼ risk
13280,73.1,Application ID,0.0,7489.08,-128.7847,▼ risk
19549,72.9,Application ID,15561.0,7489.08,138.8074,▲ risk
19546,72.9,Application ID,15559.0,7489.08,138.773,▲ risk
19542,72.9,Application ID,15555.0,7489.08,138.7042,▲ risk
19541,72.9,Application ID,15554.0,7489.08,138.687,▲ risk
19538,72.9,Application ID,15551.0,7489.08,138.6354,▲ risk
19550,72.9,Application ID,0.0,7489.08,-128.7847,▼ risk
10984,72.7,MonthlyRate,21530.0,14297.63,145.1732,▲ risk
10976,72.7,MonthlyRate,21530.0,14297.63,145.1732,▲ risk
13290,72.5,MonthlyRate,3164.0,14297.63,-223.4821,▼ risk
22057,72.5,Application ID,17564.0,7489.08,173.2516,▲ risk
22065,72.5,Application ID,17571.0,7489.08,173.372,▲ risk
13282,72.5,MonthlyRate,3164.0,14297.63,-223.4821,▼ risk
8826,72.3,MonthlyRate,7360.0,14297.63,-139.257,▼ risk
8836,72.3,MonthlyRate,7360.0,14297.63,-139.257,▼ risk
8828,72.3,MonthlyRate,7360.0,14297.63,-139.257,▼ risk
8834,72.3,MonthlyRate,7360.0,14297.63,-139.257,▼ risk
397,72.2,Application ID,331.0,7489.08,-123.0927,▼ risk
387,72.2,Application ID,322.0,7489.08,-123.2475,▼ risk
698,72.1,MonthlyRate,21923.0,14297.63,153.0618,▲ risk
4827,72.1,MonthlyRate,25233.0,14297.63,219.5025,▲ risk
706,72.1,MonthlyRate,21923.0,14297.63,153.0618,▲ risk
4823,72.1,MonthlyRate,25233.0,14297.63,219.5025,▲ risk
4834,72.1,MonthlyRate,25233.0,14297.63,219.5025,▲ risk
4826,72.0,MonthlyRate,25233.0,14297.63,219.5025,▲ risk
4833,72.0,MonthlyRate,25233.0,14297.63,219.5025,▲ risk
10974,72.0,MonthlyRate,18798.0,14297.63,90.3346,▲ risk
10982,72.0,MonthlyRate,18798.0,14297.63,90.3346,▲ risk
22055,71.9,Application ID,17562.0,7489.08,173.2172,▲ risk
22063,71.9,Application ID,17569.0,7489.08,173.3376,▲ risk
398,71.6,Application ID,332.0,7489.08,-123.0755,▼ risk
388,71.6,Application ID,0.0,7489.08,-128.7847,▼ risk
17358,71.4,Application ID,13808.0,7489.08,108.6622,▲ risk
17366,71.4,Application ID,13814.0,7489.08,108.7654,▲ risk
16353,71.3,Application ID,0.0,7489.08,-128.7847,▼ risk
19543,71.3,Application ID,15556.0,7489.08,138.7214,▲ risk
19551,71.3,Application ID,15562.0,7489.08,138.8245,▲ risk
16345,71.3,Application ID,13012.0,7489.08,94.9739,▲ risk
5993,70.9,MonthlyRate,25422.0,14297.63,223.2962,▲ risk
6001,70.9,MonthlyRate,25422.0,14297.63,223.2962,▲ risk
20328,70.8,Application ID,16194.0,7489.08,149.6926,▲ risk
20320,70.8,Application ID,16187.0,7489.08,149.5723,▲ risk
16931,70.6,Application ID,13465.0,7489.08,102.7638,▲ risk
11055,70.6,MonthlyRate,4050.0,14297.63,-205.6977,▼ risk
16919,70.6,Application ID,13457.0,7489.08,102.6263,▲ risk
16921,70.6,Application ID,13458.0,7489.08,102.6435,▲ risk
16923,70.6,Application ID,13459.0,7489.08,102.6607,▲ risk
16924,70.6,Application ID,13460.0,7489.08,102.6779,▲ risk
16927,70.6,Application ID,13463.0,7489.08,102.7295,▲ risk
16929,70.6,Application ID,0.0,7489.08,-128.7847,▼ risk
16932,70.6,Application ID,13466.0,7489.08,102.781,▲ risk
6122,70.6,MonthlyRate,4652.0,14297.63,-193.6139,▼ risk
6115,70.6,MonthlyRate,4652.0,14297.63,-193.6139,▼ risk
6118,70.6,MonthlyRate,4652.0,14297.63,-193.6139,▼ risk
6121,70.6,MonthlyRate,4652.0,14297.63,-193.6139,▼ risk
6129,70.6,MonthlyRate,4652.0,14297.63,-193.6139,▼ risk
6125,70.6,MonthlyRate,4652.0,14297.63,-193.6139,▼ risk
17771,70.5,MonthlyRate,26619.0,14297.63,247.3232,▲ risk
17763,70.5,MonthlyRate,26619.0,14297.63,247.3232,▲ risk
22062,70.4,Application ID,17568.0,7489.08,173.3204,▲ risk
10535,70.2,MonthlyRate,18016.0,14297.63,74.6378,▲ risk
10539,70.2,Application ID,0.0,7489.08,-128.7847,▼ risk
10527,70.2,MonthlyRate,18016.0,14297.63,74.6378,▲ risk
10530,70.2,Application ID,0.0,7489.08,-128.7847,▼ risk
310,70.0,Application ID,257.0,7489.08,-124.3653,▼ risk
318,70.0,Application ID,265.0,7489.08,-124.2277,▼ risk
329,70.0,Application ID,274.0,7489.08,-124.0729,▼ risk
314,70.0,Application ID,261.0,7489.08,-124.2965,▼ risk
14566,69.2,MonthlyRate,21221.0,14297.63,138.9708,▲ risk
14558,69.2,MonthlyRate,21221.0,14297.63,138.9708,▲ risk
705,69.1,MonthlyRate,21923.0,14297.63,153.0618,▲ risk
702,69.1,MonthlyRate,21923.0,14297.63,153.0618,▲ risk
694,69.1,MonthlyRate,21923.0,14297.63,153.0618,▲ risk
697,69.1,MonthlyRate,21923.0,14297.63,153.0618,▲ risk
6786,69.0,MonthlyRate,21526.0,14297.63,145.0929,▲ risk
6790,69.0,MonthlyRate,21526.0,14297.63,145.0929,▲ risk
6783,69.0,MonthlyRate,21526.0,14297.63,145.0929,▲ risk
6779,69.0,MonthlyRate,21526.0,14297.63,145.0929,▲ risk
20620,68.9,MonthlyRate,6208.0,14297.63,-162.3808,▼ risk
20068,68.6,Application ID,15984.0,7489.08,146.0814,▲ risk
20076,68.6,Application ID,15991.0,7489.08,146.2018,▲ risk
20317,68.2,MonthlyRate,4567.0,14297.63,-195.3201,▼ risk
20325,68.2,MonthlyRate,4567.0,14297.63,-195.3201,▼ risk
2917,68.0,MonthlyRate,4605.0,14297.63,-194.5573,▼ risk
14867,68.0,Application ID,0.0,7489.08,-128.7847,▼ risk
20688,67.7,MonthlyRate,4567.0,14297.63,-195.3201,▼ risk
20696,67.7,MonthlyRate,4567.0,14297.63,-195.3201,▼ risk
10659,67.6,MonthlyRate,7129.0,14297.63,-143.8938,▼ risk
1830,67.5,MonthlyRate,26897.0,14297.63,252.9035,▲ risk
6534,67.5,MonthlyRate,7428.0,14297.63,-137.8921,▼ risk
6542,67.5,MonthlyRate,7428.0,14297.63,-137.8921,▼ risk
1837,67.5,MonthlyRate,26897.0,14297.63,252.9035,▲ risk
1835,67.5,MonthlyRate,26897.0,14297.63,252.9035,▲ risk
6535,67.5,MonthlyRate,8232.0,14297.63,-121.7536,▼ risk
1842,67.5,MonthlyRate,26897.0,14297.63,252.9035,▲ risk
7731,67.3,MonthlyRate,11512.0,14297.63,-55.9151,▼ risk
7734,67.3,Application ID,0.0,7489.08,-128.7847,▼ risk
7738,67.3,Application ID,0.0,7489.08,-128.7847,▼ risk
7741,67.3,MonthlyRate,11512.0,14297.63,-55.9151,▼ risk
10649,66.9,Application ID,0.0,7489.08,-128.7847,▼ risk
466,66.8,MonthlyRate,6986.0,14297.63,-146.7642,▼ risk
1817,66.8,MonthlyRate,26959.0,14297.63,254.148,▲ risk
1824,66.8,MonthlyRate,26959.0,14297.63,254.148,▲ risk
456,66.8,MonthlyRate,6986.0,14297.63,-146.7642,▼ risk
6777,66.7,MonthlyRate,21526.0,14297.63,145.0929,▲ risk
6782,66.7,MonthlyRate,21526.0,14297.63,145.0929,▲ risk
6789,66.7,MonthlyRate,21526.0,14297.63,145.0929,▲ risk
454,66.6,MonthlyRate,6986.0,14297.63,-146.7642,▼ risk
464,66.6,MonthlyRate,6986.0,14297.63,-146.7642,▼ risk
21901,66.1,MonthlyRate,23352.0,14297.63,181.7457,▲ risk
21889,66.1,MonthlyRate,23352.0,14297.63,181.7457,▲ risk
21893,66.1,MonthlyRate,23352.0,14297.63,181.7457,▲ risk
21897,66.1,MonthlyRate,23352.0,14297.63,181.7457,▲ risk
313,66.0,Application ID,260.0,7489.08,-124.3137,▼ risk
328,66.0,Application ID,273.0,7489.08,-124.0901,▼ risk
330,66.0,Application ID,275.0,7489.08,-124.0557,▼ risk
315,66.0,Application ID,262.0,7489.08,-124.2793,▼ risk
6096,65.8,Application ID,4837.0,7489.08,-45.6061,▼ risk
6085,65.8,Application ID,4829.0,7489.08,-45.7437,▼ risk
6088,65.8,Application ID,4832.0,7489.08,-45.6921,▼ risk
22056,65.5,Application ID,17563.0,7489.08,173.2344,▲ risk
22059,65.5,Application ID,17565.0,7489.08,173.2688,▲ risk
22061,65.5,Application ID,17567.0,7489.08,173.3032,▲ risk
22064,65.5,Application ID,17570.0,7489.08,173.3548,▲ risk
22067,65.5,Application ID,0.0,7489.08,-128.7847,▼ risk
22068,65.5,Application ID,0.0,7489.08,-128.7847,▼ risk
22053,65.5,Application ID,17561.0,7489.08,173.2,▲ risk
22060,65.5,Application ID,17566.0,7489.08,173.286,▲ risk
20075,65.4,Application ID,15990.0,7489.08,146.1846,▲ risk
20067,65.4,Application ID,15983.0,7489.08,146.0642,▲ risk
4829,65.0,MonthlyRate,25233.0,14297.63,219.5025,▲ risk
4825,65.0,MonthlyRate,25233.0,14297.63,219.5025,▲ risk
1832,65.0,MonthlyRate,26897.0,14297.63,252.9035,▲ risk
1843,65.0,MonthlyRate,26897.0,14297.63,252.9035,▲ risk
1839,65.0,MonthlyRate,26897.0,14297.63,252.9035,▲ risk
1836,65.0,MonthlyRate,26897.0,14297.63,252.9035,▲ risk
4831,65.0,MonthlyRate,25233.0,14297.63,219.5025,▲ risk
4830,65.0,MonthlyRate,25233.0,14297.63,219.5025,▲ risk
4824,65.0,MonthlyRate,25233.0,14297.63,219.5025,▲ risk
4832,65.0,MonthlyRate,25233.0,14297.63,219.5025,▲ risk
4837,65.0,MonthlyRate,25233.0,14297.63,219.5025,▲ risk
4836,65.0,MonthlyRate,25233.0,14297.63,219.5025,▲ risk
10846,64.8,Application ID,0.0,7489.08,-128.7847,▼ risk
10850,64.8,Application ID,0.0,7489.08,-128.7847,▼ risk
10854,64.8,MonthlyRate,11737.0,14297.63,-51.3988,▼ risk
10858,64.8,MonthlyRate,11737.0,14297.63,-51.3988,▼ risk
15,64.8,Application ID,11.0,7489.08,-128.5956,▼ risk
86,64.8,Application ID,67.0,7489.08,-127.6326,▼ risk
14569,64.4,MonthlyRate,21221.0,14297.63,138.9708,▲ risk
14561,64.4,MonthlyRate,21221.0,14297.63,138.9708,▲ risk
9505,64.1,MonthlyRate,26507.0,14297.63,245.0751,▲ risk
9494,64.1,MonthlyRate,26507.0,14297.63,245.0751,▲ risk
9497,64.1,MonthlyRate,26507.0,14297.63,245.0751,▲ risk
9502,64.1,MonthlyRate,26507.0,14297.63,245.0751,▲ risk
7207,64.0,MonthlyRate,20364.0,14297.63,121.7685,▲ risk
7729,64.0,MonthlyRate,11512.0,14297.63,-55.9151,▼ risk
7733,64.0,MonthlyRate,11512.0,14297.63,-55.9151,▼ risk
7740,64.0,MonthlyRate,11512.0,14297.63,-55.9151,▼ risk
7331,63.9,MonthlyRate,25291.0,14297.63,220.6667,▲ risk
1814,63.5,MonthlyRate,26959.0,14297.63,254.148,▲ risk
20687,63.3,MonthlyRate,4297.0,14297.63,-200.7397,▼ risk
20695,63.3,MonthlyRate,4297.0,14297.63,-200.7397,▼ risk
11061,63.0,MonthlyRate,9947.0,14297.63,-87.3289,▼ risk
21886,63.0,MonthlyRate,23352.0,14297.63,181.7457,▲ risk
21894,63.0,MonthlyRate,23352.0,14297.63,181.7457,▲ risk
21892,63.0,MonthlyRate,23352.0,14297.63,181.7457,▲ risk
21900,63.0,MonthlyRate,23352.0,14297.63,181.7457,▲ risk
11053,63.0,MonthlyRate,9947.0,14297.63,-87.3289,▼ risk
20964,62.6,Application ID,16705.0,7489.08,158.48,▲ risk
20956,62.6,Application ID,16701.0,7489.08,158.4112,▲ risk
20969,62.6,Application ID,16709.0,7489.08,158.5487,▲ risk
20961,62.6,Application ID,16703.0,7489.08,158.4456,▲ risk
467,62.5,MonthlyRate,6986.0,14297.63,-146.7642,▼ risk
457,62.5,MonthlyRate,6986.0,14297.63,-146.7642,▼ risk
5996,62.4,MonthlyRate,25422.0,14297.63,223.2962,▲ risk
5988,62.4,MonthlyRate,25422.0,14297.63,223.2962,▲ risk
20359,62.0,Application ID,16218.0,7489.08,150.1053,▲ risk
20360,62.0,Application ID,16219.0,7489.08,150.1225,▲ risk
20352,62.0,Application ID,16213.0,7489.08,150.0194,▲ risk
20351,62.0,Application ID,16212.0,7489.08,150.0022,▲ risk
6095,61.6,Application ID,4836.0,7489.08,-45.6233,▼ risk
6087,61.6,Application ID,4831.0,7489.08,-45.7093,▼ risk
2922,61.5,Application ID,0.0,7489.08,-128.7847,▼ risk
2284,61.5,MonthlyRate,25150.0,14297.63,217.8364,▲ risk
2281,61.5,MonthlyRate,25150.0,14297.63,217.8364,▲ risk
2276,61.5,MonthlyRate,25150.0,14297.63,217.8364,▲ risk
2273,61.5,MonthlyRate,25150.0,14297.63,217.8364,▲ risk
2920,61.5,MonthlyRate,9241.0,14297.63,-101.5002,▼ risk
11051,61.5,MonthlyRate,9947.0,14297.63,-87.3289,▼ risk
2914,61.5,MonthlyRate,9241.0,14297.63,-101.5002,▼ risk
11059,61.5,Application ID,0.0,7489.08,-128.7847,▼ risk
2912,61.5,Application ID,0.0,7489.08,-128.7847,▼ risk
9500,61.4,MonthlyRate,26507.0,14297.63,245.0751,▲ risk
6325,61.4,MonthlyRate,26507.0,14297.63,245.0751,▲ risk
9504,61.4,MonthlyRate,26507.0,14297.63,245.0751,▲ risk
14562,61.4,MonthlyRate,4161.0,14297.63,-203.4696,▼ risk
9496,61.4,MonthlyRate,26507.0,14297.63,245.0751,▲ risk
1826,61.2,MonthlyRate,21030.0,14297.63,135.1369,▲ risk
16352,61.2,Application ID,13018.0,7489.08,95.0771,▲ risk
16344,61.2,Application ID,13011.0,7489.08,94.9567,▲ risk
1819,61.2,MonthlyRate,21030.0,14297.63,135.1369,▲ risk
468,61.1,MonthlyRate,6986.0,14297.63,-146.7642,▼ risk
458,61.1,MonthlyRate,6986.0,14297.63,-146.7642,▼ risk
16349,60.3,Application ID,13015.0,7489.08,95.0255,▲ risk
16341,60.3,Application ID,13008.0,7489.08,94.9051,▲ risk
13039,60.2,Application ID,10363.0,7489.08,49.4208,▲ risk
13047,60.2,Application ID,10368.0,7489.08,49.5068,▲ risk
13053,60.2,Application ID,10374.0,7489.08,49.61,▲ risk
13045,60.2,Application ID,10366.0,7489.08,49.4724,▲ risk
6128,60.1,MonthlyRate,23300.0,14297.63,180.7019,▲ risk
11930,60.1,Application ID,9469.0,7489.08,34.0473,▲ risk
11922,60.1,Application ID,9461.0,7489.08,33.9097,▲ risk
2131,60.0,MonthlyRate,26820.0,14297.63,251.3579,▲ risk
2139,60.0,MonthlyRate,26820.0,14297.63,251.3579,▲ risk
16269,59.9,MonthlyRate,22262.0,14297.63,159.8665,▲ risk
16273,59.9,MonthlyRate,22262.0,14297.63,159.8665,▲ risk
16265,59.9,MonthlyRate,22262.0,14297.63,159.8665,▲ risk
16277,59.9,MonthlyRate,22262.0,14297.63,159.8665,▲ risk
11393,59.8,Application ID,0.0,7489.08,-128.7847,▼ risk
11385,59.8,MonthlyRate,10322.0,14297.63,-79.8017,▼ risk
815,59.7,Application ID,661.0,7489.08,-117.418,▼ risk
818,59.7,Application ID,664.0,7489.08,-117.3664,▼ risk
818,59.7,Application ID,664.0,7489.08,-117.3664,▼ risk
815,59.7,Application ID,661.0,7489.08,-117.418,▼ risk
810,59.7,Application ID,656.0,7489.08,-117.5039,▼ risk
807,59.7,Application ID,653.0,7489.08,-117.5555,▼ risk
16267,59.6,MonthlyRate,22262.0,14297.63,159.8665,▲ risk
16275,59.6,MonthlyRate,22262.0,14297.63,159.8665,▲ risk
20327,59.3,Application ID,16193.0,7489.08,149.6754,▲ risk
20319,59.3,Application ID,16186.0,7489.08,149.5551,▲ risk
21400,59.2,MonthlyRate,26092.0,14297.63,236.7449,▲ risk
21408,59.2,MonthlyRate,26092.0,14297.63,236.7449,▲ risk
2502,59.2,MonthlyRate,8504.0,14297.63,-116.2938,▼ risk
2495,59.2,MonthlyRate,8504.0,14297.63,-116.2938,▼ risk
6531,58.8,Application ID,5199.0,7489.08,-39.381,▼ risk
2494,58.6,Application ID,0.0,7489.08,-128.7847,▼ risk
10844,58.6,Application ID,0.0,7489.08,-128.7847,▼ risk
10849,58.6,MonthlyRate,11737.0,14297.63,-51.3988,▼ risk
10852,58.6,Application ID,0.0,7489.08,-128.7847,▼ risk
10857,58.6,MonthlyRate,11737.0,14297.63,-51.3988,▼ risk
116,58.4,Application ID,90.0,7489.08,-127.2371,▼ risk
115,58.4,Application ID,89.0,7489.08,-127.2543,▼ risk
112,58.4,Application ID,0.0,7489.08,-128.7847,▼ risk
101,58.4,Application ID,0.0,7489.08,-128.7847,▼ risk
100,58.4,Application ID,0.0,7489.08,-128.7847,▼ risk
97,58.4,Application ID,76.0,7489.08,-127.4778,▼ risk
95,58.4,Application ID,74.0,7489.08,-127.5122,▼ risk
108,58.4,Application ID,83.0,7489.08,-127.3574,▼ risk
814,58.3,MonthlyRate,26009.0,14297.63,235.0789,▲ risk
813,58.3,MonthlyRate,21534.0,14297.63,145.2535,▲ risk
821,58.3,MonthlyRate,21534.0,14297.63,145.2535,▲ risk
822,58.3,MonthlyRate,26009.0,14297.63,235.0789,▲ risk
814,58.3,MonthlyRate,26009.0,14297.63,235.0789,▲ risk
813,58.3,MonthlyRate,21534.0,14297.63,145.2535,▲ risk
11932,58.2,Application ID,0.0,7489.08,-128.7847,▼ risk
7335,58.2,MonthlyRate,25291.0,14297.63,220.6667,▲ risk
7342,58.2,MonthlyRate,25291.0,14297.63,220.6667,▲ risk
11924,58.2,Application ID,9463.0,7489.08,33.9441,▲ risk
949,58.1,Application ID,776.0,7489.08,-115.4404,▼ risk
941,58.1,Application ID,768.0,7489.08,-115.5779,▼ risk
943,58.1,Application ID,770.0,7489.08,-115.5436,▼ risk
935,58.1,Application ID,763.0,7489.08,-115.6639,▼ risk
22058,57.9,Application ID,0.0,7489.08,-128.7847,▼ risk
22066,57.9,Application ID,0.0,7489.08,-128.7847,▼ risk
17353,57.9,Application ID,13803.0,7489.08,108.5762,▲ risk
17361,57.9,Application ID,13810.0,7489.08,108.6966,▲ risk
7533,57.7,MonthlyRate,23914.0,14297.63,193.0266,▲ risk
7525,57.7,MonthlyRate,23914.0,14297.63,193.0266,▲ risk
7539,57.7,MonthlyRate,23914.0,14297.63,193.0266,▲ risk
14669,57.7,MonthlyRate,7172.0,14297.63,-143.0307,▼ risk
14661,57.7,MonthlyRate,7172.0,14297.63,-143.0307,▼ risk
7531,57.7,MonthlyRate,23914.0,14297.63,193.0266,▲ risk
2779,57.6,Application ID,0.0,7489.08,-128.7847,▼ risk
819,57.4,MonthlyRate,7324.0,14297.63,-139.9796,▼ risk
819,57.4,MonthlyRate,7324.0,14297.63,-139.9796,▼ risk
811,57.4,MonthlyRate,7324.0,14297.63,-139.9796,▼ risk
11056,57.3,MonthlyRate,4973.0,14297.63,-187.1706,▼ risk
11064,57.3,MonthlyRate,4973.0,14297.63,-187.1706,▼ risk
20622,57.0,MonthlyRate,6208.0,14297.63,-162.3808,▼ risk
20630,57.0,MonthlyRate,6208.0,14297.63,-162.3808,▼ risk
20962,56.9,Application ID,0.0,7489.08,-128.7847,▼ risk
20970,56.9,Application ID,0.0,7489.08,-128.7847,▼ risk
11390,56.9,MonthlyRate,10322.0,14297.63,-79.8017,▼ risk
11382,56.9,MonthlyRate,10322.0,14297.63,-79.8017,▼ risk
11731,56.8,MonthlyRate,25725.0,14297.63,229.3782,▲ risk
11735,56.8,MonthlyRate,25725.0,14297.63,229.3782,▲ risk
11728,56.8,MonthlyRate,25725.0,14297.63,229.3782,▲ risk
7126,56.8,MonthlyRate,9129.0,14297.63,-103.7484,▼ risk
7129,56.8,Application ID,0.0,7489.08,-128.7847,▼ risk
7134,56.8,MonthlyRate,9129.0,14297.63,-103.7484,▼ risk
7121,56.8,MonthlyRate,9129.0,14297.63,-103.7484,▼ risk
820,56.6,MonthlyRate,8319.0,14297.63,-120.0073,▼ risk
812,56.6,MonthlyRate,8319.0,14297.63,-120.0073,▼ risk
7701,56.5,Application ID,6100.0,7489.08,-23.8871,▼ risk
11936,56.5,Application ID,9474.0,7489.08,34.1333,▲ risk
7711,56.5,Application ID,6107.0,7489.08,-23.7667,▼ risk
7708,56.5,Application ID,0.0,7489.08,-128.7847,▼ risk
7704,56.5,Application ID,0.0,7489.08,-128.7847,▼ risk
11928,56.5,Application ID,9467.0,7489.08,34.0129,▲ risk
10979,56.4,Application ID,0.0,7489.08,-128.7847,▼ risk
10983,56.4,MonthlyRate,18420.0,14297.63,82.7471,▲ risk
10971,56.4,Application ID,0.0,7489.08,-128.7847,▼ risk
10975,56.4,MonthlyRate,18420.0,14297.63,82.7471,▲ risk
10541,56.3,MonthlyRate,18016.0,14297.63,74.6378,▲ risk
10540,56.3,MonthlyRate,18016.0,14297.63,74.6378,▲ risk
10532,56.3,MonthlyRate,18016.0,14297.63,74.6378,▲ risk
10531,56.3,Application ID,0.0,7489.08,-128.7847,▼ risk
15971,56.1,MonthlyRate,25681.0,14297.63,228.495,▲ risk
15969,56.1,MonthlyRate,25681.0,14297.63,228.495,▲ risk
15977,56.1,MonthlyRate,25681.0,14297.63,228.495,▲ risk
15979,56.1,MonthlyRate,25681.0,14297.63,228.495,▲ risk
2771,55.9,Application ID,2205.0,7489.08,-90.8668,▼ risk
2285,55.4,MonthlyRate,25150.0,14297.63,217.8364,▲ risk
2092,55.4,MonthlyRate,25150.0,14297.63,217.8364,▲ risk
2277,55.4,MonthlyRate,25150.0,14297.63,217.8364,▲ risk
817,55.4,Application ID,663.0,7489.08,-117.3836,▼ risk
2274,55.4,MonthlyRate,25150.0,14297.63,217.8364,▲ risk
817,55.4,Application ID,663.0,7489.08,-117.3836,▼ risk
809,55.4,Application ID,655.0,7489.08,-117.5211,▼ risk
22054,55.4,Application ID,0.0,7489.08,-128.7847,▼ risk
21410,55.2,MonthlyRate,26092.0,14297.63,236.7449,▲ risk
13054,55.1,Application ID,10375.0,7489.08,49.6272,▲ risk
13041,55.1,Application ID,10365.0,7489.08,49.4552,▲ risk
13046,55.1,Application ID,10367.0,7489.08,49.4896,▲ risk
13049,55.1,Application ID,10370.0,7489.08,49.5412,▲ risk
20349,55.0,Application ID,16210.0,7489.08,149.9678,▲ risk
6811,55.0,MonthlyRate,4605.0,14297.63,-194.5573,▼ risk
7127,54.9,Application ID,0.0,7489.08,-128.7847,▼ risk
20966,54.9,Application ID,16707.0,7489.08,158.5143,▲ risk
7135,54.9,MonthlyRate,9129.0,14297.63,-103.7484,▼ risk
20958,54.9,Application ID,0.0,7489.08,-128.7847,▼ risk
11737,54.8,MonthlyRate,25725.0,14297.63,229.3782,▲ risk
11726,54.8,MonthlyRate,25725.0,14297.63,229.3782,▲ risk
11730,54.8,MonthlyRate,25725.0,14297.63,229.3782,▲ risk
7528,54.5,MonthlyRate,23914.0,14297.63,193.0266,▲ risk
7532,54.5,MonthlyRate,23914.0,14297.63,193.0266,▲ risk
7540,54.5,MonthlyRate,23914.0,14297.63,193.0266,▲ risk
12526,54.5,Application ID,9945.0,7489.08,42.2328,▲ risk
12522,54.5,Application ID,9942.0,7489.08,42.1812,▲ risk
12518,54.5,Application ID,0.0,7489.08,-128.7847,▼ risk
12514,54.5,Application ID,9936.0,7489.08,42.078,▲ risk
20323,54.5,MonthlyRate,4567.0,14297.63,-195.3201,▼ risk
966,54.4,Application ID,0.0,7489.08,-128.7847,▼ risk
965,54.4,Application ID,790.0,7489.08,-115.1996,▼ risk
953,54.4,Application ID,0.0,7489.08,-128.7847,▼ risk
957,54.4,Application ID,783.0,7489.08,-115.32,▼ risk
958,54.4,Application ID,784.0,7489.08,-115.3028,▼ risk
961,54.4,Application ID,787.0,7489.08,-115.2512,▼ risk
23010,54.2,MonthlyRate,26956.0,14297.63,254.0877,▲ risk
19973,54.2,Application ID,15909.0,7489.08,144.7917,▲ risk
19971,54.2,Application ID,15907.0,7489.08,144.7573,▲ risk
19979,54.2,Application ID,15915.0,7489.08,144.8949,▲ risk
882,54.2,Application ID,718.0,7489.08,-116.4378,▼ risk
874,54.2,Application ID,712.0,7489.08,-116.5409,▼ risk
19981,54.2,Application ID,0.0,7489.08,-128.7847,▼ risk
23002,54.2,MonthlyRate,26956.0,14297.63,254.0877,▲ risk
18628,53.9,Application ID,14827.0,7489.08,126.1852,▲ risk
18636,53.9,Application ID,14834.0,7489.08,126.3056,▲ risk
18642,53.9,Application ID,14840.0,7489.08,126.4088,▲ risk
2992,53.4,MonthlyRate,21728.0,14297.63,149.1476,▲ risk
16900,53.4,MonthlyRate,3334.0,14297.63,-220.0697,▼ risk
16892,53.4,MonthlyRate,3334.0,14297.63,-220.0697,▼ risk
3000,53.4,MonthlyRate,21728.0,14297.63,149.1476,▲ risk
6092,53.2,Application ID,4835.0,7489.08,-45.6405,▼ risk
16125,53.2,MonthlyRate,22930.0,14297.63,173.275,▲ risk
16131,53.2,MonthlyRate,22930.0,14297.63,173.275,▲ risk
3544,53.2,MonthlyRate,22967.0,14297.63,174.0177,▲ risk
16132,53.2,MonthlyRate,22930.0,14297.63,173.275,▲ risk
16133,53.2,MonthlyRate,22930.0,14297.63,173.275,▲ risk
16139,53.2,MonthlyRate,22930.0,14297.63,173.275,▲ risk
3546,53.2,MonthlyRate,22967.0,14297.63,174.0177,▲ risk
3552,53.2,MonthlyRate,22967.0,14297.63,174.0177,▲ risk
3554,53.2,MonthlyRate,22967.0,14297.63,174.0177,▲ risk
6084,53.2,Application ID,4828.0,7489.08,-45.7608,▼ risk
16140,53.2,MonthlyRate,22930.0,14297.63,173.275,▲ risk
11054,53.1,MonthlyRate,9947.0,14297.63,-87.3289,▼ risk
11066,53.1,MonthlyRate,9947.0,14297.63,-87.3289,▼ risk
11062,53.1,MonthlyRate,9947.0,14297.63,-87.3289,▼ risk
11058,53.1,MonthlyRate,9947.0,14297.63,-87.3289,▼ risk
6784,53.0,MonthlyRate,21526.0,14297.63,145.0929,▲ risk
4440,52.9,MonthlyRate,10268.0,14297.63,-80.8856,▼ risk
4437,52.9,MonthlyRate,10268.0,14297.63,-80.8856,▼ risk
4433,52.9,MonthlyRate,10268.0,14297.63,-80.8856,▼ risk
4432,52.9,MonthlyRate,10268.0,14297.63,-80.8856,▼ risk
4429,52.9,MonthlyRate,10268.0,14297.63,-80.8856,▼ risk
4426,52.9,MonthlyRate,10268.0,14297.63,-80.8856,▼ risk
511,52.8,Application ID,419.0,7489.08,-121.5795,▼ risk
2278,52.8,MonthlyRate,25150.0,14297.63,217.8364,▲ risk
2280,52.8,MonthlyRate,25150.0,14297.63,217.8364,▲ risk
2286,52.8,MonthlyRate,25150.0,14297.63,217.8364,▲ risk
521,52.8,Application ID,428.0,7489.08,-121.4247,▼ risk
2272,52.8,MonthlyRate,25150.0,14297.63,217.8364,▲ risk
508,52.8,Application ID,417.0,7489.08,-121.6139,▼ risk
518,52.8,Application ID,0.0,7489.08,-128.7847,▼ risk
8903,52.7,MonthlyRate,23398.0,14297.63,182.6691,▲ risk
8911,52.7,MonthlyRate,23398.0,14297.63,182.6691,▲ risk
8908,52.7,MonthlyRate,23398.0,14297.63,182.6691,▲ risk
8916,52.7,MonthlyRate,23398.0,14297.63,182.6691,▲ risk
12527,52.5,Application ID,0.0,7489.08,-128.7847,▼ risk
12525,52.5,Application ID,9944.0,7489.08,42.2156,▲ risk
12519,52.5,Application ID,9940.0,7489.08,42.1468,▲ risk
12517,52.5,Application ID,9939.0,7489.08,42.1296,▲ risk
11929,52.4,Application ID,9468.0,7489.08,34.0301,▲ risk
11937,52.4,Application ID,9475.0,7489.08,34.1505,▲ risk
16891,52.3,MonthlyRate,2900.0,14297.63,-228.7813,▼ risk
18670,52.3,MonthlyRate,22098.0,14297.63,156.5745,▲ risk
18666,52.3,MonthlyRate,22098.0,14297.63,156.5745,▲ risk
18662,52.3,MonthlyRate,22098.0,14297.63,156.5745,▲ risk
18674,52.3,MonthlyRate,22098.0,14297.63,156.5745,▲ risk
16899,52.3,MonthlyRate,2900.0,14297.63,-228.7813,▼ risk
7114,52.1,Application ID,5652.0,7489.08,-31.5911,▼ risk
7119,52.1,Application ID,5657.0,7489.08,-31.5051,▼ risk
696,52.1,MonthlyRate,21923.0,14297.63,153.0618,▲ risk
704,52.1,MonthlyRate,21923.0,14297.63,153.0618,▲ risk
7106,52.1,Application ID,0.0,7489.08,-128.7847,▼ risk
7111,52.1,Application ID,5649.0,7489.08,-31.6427,▼ risk
6093,51.8,Application ID,0.0,7489.08,-128.7847,▼ risk
15970,51.7,MonthlyRate,25681.0,14297.63,228.495,▲ risk
8492,51.7,MonthlyRate,19383.0,14297.63,102.0771,▲ risk
8482,51.7,MonthlyRate,19383.0,14297.63,102.0771,▲ risk
8483,51.7,MonthlyRate,19383.0,14297.63,102.0771,▲ risk
8489,51.7,MonthlyRate,19383.0,14297.63,102.0771,▲ risk
8479,51.7,MonthlyRate,19383.0,14297.63,102.0771,▲ risk
15978,51.7,MonthlyRate,25681.0,14297.63,228.495,▲ risk
2769,51.6,Application ID,2203.0,7489.08,-90.9012,▼ risk
14288,51.6,MonthlyRate,6148.0,14297.63,-163.5851,▼ risk
2772,51.6,Application ID,0.0,7489.08,-128.7847,▼ risk
2777,51.6,Application ID,2210.0,7489.08,-90.7808,▼ risk
14296,51.6,MonthlyRate,6148.0,14297.63,-163.5851,▼ risk
3744,51.5,MonthlyRate,9096.0,14297.63,-104.4108,▼ risk
3748,51.5,MonthlyRate,9096.0,14297.63,-104.4108,▼ risk
3736,51.5,MonthlyRate,9096.0,14297.63,-104.4108,▼ risk
3740,51.5,MonthlyRate,9096.0,14297.63,-104.4108,▼ risk
21412,51.4,Application ID,17042.0,7489.08,164.2751,▲ risk
7713,51.3,Application ID,6109.0,7489.08,-23.7324,▼ risk
7706,51.3,Application ID,6103.0,7489.08,-23.8355,▼ risk
7702,51.3,Application ID,0.0,7489.08,-128.7847,▼ risk
7709,51.3,Application ID,6105.0,7489.08,-23.8011,▼ risk
20692,51.2,Application ID,0.0,7489.08,-128.7847,▼ risk
20684,51.2,Application ID,16476.0,7489.08,154.542,▲ risk
522,51.2,Application ID,429.0,7489.08,-121.4075,▼ risk
510,51.2,Application ID,418.0,7489.08,-121.5967,▼ risk
512,51.2,Application ID,420.0,7489.08,-121.5623,▼ risk
520,51.2,Application ID,427.0,7489.08,-121.4419,▼ risk
21890,51.0,Application ID,17423.0,7489.08,170.8269,▲ risk
21898,51.0,Application ID,17430.0,7489.08,170.9473,▲ risk
9108,50.9,MonthlyRate,18686.0,14297.63,88.0865,▲ risk
13508,50.9,MonthlyRate,22955.0,14297.63,173.7768,▲ risk
13511,50.9,MonthlyRate,22955.0,14297.63,173.7768,▲ risk
13506,50.9,MonthlyRate,22955.0,14297.63,173.7768,▲ risk
13514,50.9,MonthlyRate,22955.0,14297.63,173.7768,▲ risk
13507,50.9,MonthlyRate,22955.0,14297.63,173.7768,▲ risk
13515,50.9,MonthlyRate,22955.0,14297.63,173.7768,▲ risk
13500,50.9,MonthlyRate,22955.0,14297.63,173.7768,▲ risk
13503,50.9,MonthlyRate,22955.0,14297.63,173.7768,▲ risk
9116,50.9,MonthlyRate,18686.0,14297.63,88.0865,▲ risk
15220,50.8,Application ID,12103.0,7489.08,79.3424,▲ risk
18630,50.5,Application ID,14829.0,7489.08,126.2196,▲ risk
18635,50.5,Application ID,14833.0,7489.08,126.2884,▲ risk
18638,50.5,Application ID,14836.0,7489.08,126.34,▲ risk
18659,50.4,MonthlyRate,22098.0,14297.63,156.5745,▲ risk
18667,50.4,MonthlyRate,22098.0,14297.63,156.5745,▲ risk
18673,50.4,MonthlyRate,22098.0,14297.63,156.5745,▲ risk
18665,50.4,MonthlyRate,22098.0,14297.63,156.5745,▲ risk
3545,50.3,MonthlyRate,22967.0,14297.63,174.0177,▲ risk
3553,50.3,MonthlyRate,22967.0,14297.63,174.0177,▲ risk
20624,50.2,Application ID,16430.0,7489.08,153.751,▲ risk
21402,50.2,MonthlyRate,26092.0,14297.63,236.7449,▲ risk
22443,50.1,MonthlyRate,25098.0,14297.63,216.7927,▲ risk
22441,50.1,MonthlyRate,25098.0,14297.63,216.7927,▲ risk
22451,50.1,MonthlyRate,25098.0,14297.63,216.7927,▲ risk
22449,50.1,MonthlyRate,25098.0,14297.63,216.7927,▲ risk
11926,50.0,Application ID,9465.0,7489.08,33.9785,▲ risk
11934,50.0,Application ID,9472.0,7489.08,34.0989,▲ risk
11931,50.0,Application ID,9470.0,7489.08,34.0645,▲ risk
23265,50.0,Application ID,18541.0,7489.08,190.0524,▲ risk
11923,50.0,Application ID,9462.0,7489.08,33.9269,▲ risk
23264,50.0,Application ID,18540.0,7489.08,190.0352,▲ risk
23256,50.0,Application ID,18534.0,7489.08,189.932,▲ risk
23257,50.0,Application ID,18535.0,7489.08,189.9492,▲ risk
23261,50.0,Application ID,18539.0,7489.08,190.018,▲ risk
8413,49.8,MonthlyRate,24785.0,14297.63,210.5099,▲ risk
8405,49.8,MonthlyRate,24785.0,14297.63,210.5099,▲ risk
15907,49.4,MonthlyRate,21082.0,14297.63,136.1807,▲ risk
15915,49.4,MonthlyRate,21082.0,14297.63,136.1807,▲ risk
15976,49.3,MonthlyRate,25681.0,14297.63,228.495,▲ risk
15981,49.3,MonthlyRate,25681.0,14297.63,228.495,▲ risk
15973,49.3,MonthlyRate,25681.0,14297.63,228.495,▲ risk
15968,49.3,MonthlyRate,25681.0,14297.63,228.495,▲ risk
20628,49.3,MonthlyRate,6208.0,14297.63,-162.3808,▼ risk
14298,49.2,MonthlyRate,6148.0,14297.63,-163.5851,▼ risk
14290,49.2,MonthlyRate,6148.0,14297.63,-163.5851,▼ risk
20355,49.1,Application ID,0.0,7489.08,-128.7847,▼ risk
16271,49.1,MonthlyRate,22262.0,14297.63,159.8665,▲ risk
20347,49.1,Application ID,0.0,7489.08,-128.7847,▼ risk
20357,49.1,Application ID,0.0,7489.08,-128.7847,▼ risk
16263,49.1,MonthlyRate,22262.0,14297.63,159.8665,▲ risk
10356,48.9,MonthlyRate,5050.0,14297.63,-185.625,▼ risk
10364,48.9,MonthlyRate,5050.0,14297.63,-185.625,▼ risk
3747,48.8,MonthlyRate,9096.0,14297.63,-104.4108,▼ risk
3739,48.8,MonthlyRate,9096.0,14297.63,-104.4108,▼ risk
3734,48.8,MonthlyRate,9096.0,14297.63,-104.4108,▼ risk
3742,48.8,MonthlyRate,9096.0,14297.63,-104.4108,▼ risk
11997,48.6,MonthlyRate,21813.0,14297.63,150.8538,▲ risk
11996,48.6,MonthlyRate,22455.0,14297.63,163.7405,▲ risk
11995,48.6,MonthlyRate,21813.0,14297.63,150.8538,▲ risk
11992,48.6,MonthlyRate,21813.0,14297.63,150.8538,▲ risk
12466,48.6,Application ID,0.0,7489.08,-128.7847,▼ risk
12004,48.6,MonthlyRate,22455.0,14297.63,163.7405,▲ risk
12005,48.6,MonthlyRate,21813.0,14297.63,150.8538,▲ risk
12003,48.6,MonthlyRate,21813.0,14297.63,150.8538,▲ risk
12000,48.6,MonthlyRate,21813.0,14297.63,150.8538,▲ risk
12468,48.6,Application ID,0.0,7489.08,-128.7847,▼ risk
12474,48.6,Application ID,0.0,7489.08,-128.7847,▼ risk
6540,48.5,Application ID,5207.0,7489.08,-39.2434,▼ risk
6532,48.5,Application ID,5200.0,7489.08,-39.3638,▼ risk
15905,48.5,Application ID,12652.0,7489.08,88.7832,▲ risk
15913,48.5,Application ID,0.0,7489.08,-128.7847,▼ risk
18634,48.3,Application ID,0.0,7489.08,-128.7847,▼ risk
19786,48.3,Application ID,0.0,7489.08,-128.7847,▼ risk
19778,48.3,Application ID,15740.0,7489.08,141.8855,▲ risk
20686,48.3,Application ID,0.0,7489.08,-128.7847,▼ risk
19790,48.3,Application ID,0.0,7489.08,-128.7847,▼ risk
19782,48.3,Application ID,15744.0,7489.08,141.9543,▲ risk
20694,48.3,Application ID,16483.0,7489.08,154.6624,▲ risk
7118,48.2,Application ID,5656.0,7489.08,-31.5223,▼ risk
1245,48.2,MonthlyRate,21777.0,14297.63,150.1312,▲ risk
2780,48.2,MonthlyRate,8429.0,14297.63,-117.7993,▼ risk
1252,48.2,MonthlyRate,21777.0,14297.63,150.1312,▲ risk
7110,48.2,Application ID,5648.0,7489.08,-31.6599,▼ risk
7112,48.2,Application ID,5650.0,7489.08,-31.6255,▼ risk
7104,48.2,Application ID,5643.0,7489.08,-31.7458,▼ risk
12226,48.1,MonthlyRate,26820.0,14297.63,251.3579,▲ risk
12234,48.1,MonthlyRate,26820.0,14297.63,251.3579,▲ risk
3459,48.0,MonthlyRate,25812.0,14297.63,231.1246,▲ risk
3448,48.0,MonthlyRate,25812.0,14297.63,231.1246,▲ risk
3456,48.0,MonthlyRate,25812.0,14297.63,231.1246,▲ risk
3451,48.0,MonthlyRate,25812.0,14297.63,231.1246,▲ risk
5541,47.9,MonthlyRate,8504.0,14297.63,-116.2938,▼ risk
21395,47.7,Application ID,17029.0,7489.08,164.0516,▲ risk
21389,47.7,Application ID,17023.0,7489.08,163.9484,▲ risk
21387,47.7,Application ID,17021.0,7489.08,163.914,▲ risk
21397,47.7,Application ID,0.0,7489.08,-128.7847,▼ risk
15906,47.7,MonthlyRate,18725.0,14297.63,88.8693,▲ risk
15914,47.7,Application ID,12658.0,7489.08,88.8864,▲ risk
13958,47.6,MonthlyRate,21026.0,14297.63,135.0566,▲ risk
13953,47.6,MonthlyRate,21026.0,14297.63,135.0566,▲ risk
2776,47.6,Application ID,2209.0,7489.08,-90.798,▼ risk
2778,47.6,Application ID,2211.0,7489.08,-90.7636,▼ risk
16502,47.6,MonthlyRate,8386.0,14297.63,-118.6624,▼ risk
16504,47.6,MonthlyRate,8386.0,14297.63,-118.6624,▼ risk
13945,47.6,MonthlyRate,21026.0,14297.63,135.0566,▲ risk
13950,47.6,MonthlyRate,21026.0,14297.63,135.0566,▲ risk
15848,47.6,MonthlyRate,8386.0,14297.63,-118.6624,▼ risk
2768,47.6,Application ID,2202.0,7489.08,-90.9184,▼ risk
16494,47.6,MonthlyRate,8386.0,14297.63,-118.6624,▼ risk
2770,47.6,Application ID,2204.0,7489.08,-90.884,▼ risk
11170,47.5,Application ID,8850.0,7489.08,23.4028,▲ risk
15370,47.4,MonthlyRate,6582.0,14297.63,-154.8736,▼ risk
15378,47.4,MonthlyRate,6582.0,14297.63,-154.8736,▼ risk
4241,47.3,Application ID,3356.0,7489.08,-71.0738,▼ risk
4239,47.3,Application ID,3354.0,7489.08,-71.1082,▼ risk
4233,47.3,Application ID,3351.0,7489.08,-71.1598,▼ risk
4231,47.3,Application ID,0.0,7489.08,-128.7847,▼ risk
21999,47.3,Application ID,17515.0,7489.08,172.409,▲ risk
21993,47.3,Application ID,17513.0,7489.08,172.3746,▲ risk
21994,47.3,Application ID,0.0,7489.08,-128.7847,▼ risk
2279,47.3,MonthlyRate,25150.0,14297.63,217.8364,▲ risk
2283,47.3,MonthlyRate,25150.0,14297.63,217.8364,▲ risk
22001,47.3,Application ID,17517.0,7489.08,172.4434,▲ risk
2287,47.3,MonthlyRate,25150.0,14297.63,217.8364,▲ risk
21991,47.3,Application ID,17511.0,7489.08,172.3402,▲ risk
2275,47.3,MonthlyRate,25150.0,14297.63,217.8364,▲ risk
16123,47.1,MonthlyRate,22710.0,14297.63,168.859,▲ risk
189,47.1,Application ID,152.0,7489.08,-126.1709,▼ risk
13848,47.1,MonthlyRate,20293.0,14297.63,120.3433,▲ risk
16115,47.1,MonthlyRate,22710.0,14297.63,168.859,▲ risk
13856,47.1,MonthlyRate,20293.0,14297.63,120.3433,▲ risk
18246,46.8,MonthlyRate,23447.0,14297.63,183.6526,▲ risk
18257,46.8,MonthlyRate,23447.0,14297.63,183.6526,▲ risk
18256,46.8,MonthlyRate,23447.0,14297.63,183.6526,▲ risk
16966,46.8,Application ID,13496.0,7489.08,103.2969,▲ risk
16974,46.8,Application ID,13504.0,7489.08,103.4345,▲ risk
18249,46.8,MonthlyRate,23447.0,14297.63,183.6526,▲ risk
18253,46.8,MonthlyRate,23447.0,14297.63,183.6526,▲ risk
18250,46.8,MonthlyRate,23447.0,14297.63,183.6526,▲ risk
15218,46.7,Application ID,12101.0,7489.08,79.3081,▲ risk
16116,46.6,MonthlyRate,22710.0,14297.63,168.859,▲ risk
16124,46.6,MonthlyRate,22710.0,14297.63,168.859,▲ risk
21206,46.5,MonthlyRate,26186.0,14297.63,238.6318,▲ risk
12064,46.5,MonthlyRate,8269.0,14297.63,-121.0109,▼ risk
12056,46.5,MonthlyRate,8269.0,14297.63,-121.0109,▼ risk
21202,46.5,MonthlyRate,26186.0,14297.63,238.6318,▲ risk
21198,46.5,MonthlyRate,26186.0,14297.63,238.6318,▲ risk
21194,46.5,MonthlyRate,26186.0,14297.63,238.6318,▲ risk
10729,46.4,MonthlyRate,17725.0,14297.63,68.7966,▲ risk
10722,46.4,MonthlyRate,17725.0,14297.63,68.7966,▲ risk
10720,46.4,MonthlyRate,17725.0,14297.63,68.7966,▲ risk
10714,46.4,MonthlyRate,17725.0,14297.63,68.7966,▲ risk
1007,46.3,MonthlyRate,21436.0,14297.63,143.2864,▲ risk
999,46.3,MonthlyRate,21436.0,14297.63,143.2864,▲ risk
1003,46.3,MonthlyRate,21630.0,14297.63,147.1805,▲ risk
1004,46.3,MonthlyRate,21436.0,14297.63,143.2864,▲ risk
1010,46.3,MonthlyRate,21436.0,14297.63,143.2864,▲ risk
1011,46.3,MonthlyRate,21630.0,14297.63,147.1805,▲ risk
1002,46.3,MonthlyRate,21436.0,14297.63,143.2864,▲ risk
1012,46.3,MonthlyRate,21436.0,14297.63,143.2864,▲ risk
1254,46.2,MonthlyRate,21777.0,14297.63,150.1312,▲ risk
7336,46.2,MonthlyRate,25291.0,14297.63,220.6667,▲ risk
7343,46.2,MonthlyRate,25291.0,14297.63,220.6667,▲ risk
1241,46.2,MonthlyRate,21777.0,14297.63,150.1312,▲ risk
1247,46.2,MonthlyRate,21777.0,14297.63,150.1312,▲ risk
4911,46.1,MonthlyRate,3525.0,14297.63,-216.2358,▼ risk
4903,46.1,MonthlyRate,3525.0,14297.63,-216.2358,▼ risk
5796,46.0,MonthlyRate,9150.0,14297.63,-103.3269,▼ risk
8917,46.0,MonthlyRate,23398.0,14297.63,182.6691,▲ risk
5792,46.0,MonthlyRate,9150.0,14297.63,-103.3269,▼ risk
5788,46.0,MonthlyRate,9150.0,14297.63,-103.3269,▼ risk
5784,46.0,MonthlyRate,9150.0,14297.63,-103.3269,▼ risk
8912,46.0,MonthlyRate,23398.0,14297.63,182.6691,▲ risk
8909,46.0,MonthlyRate,23398.0,14297.63,182.6691,▲ risk
8904,46.0,MonthlyRate,23398.0,14297.63,182.6691,▲ risk
12110,45.9,MonthlyRate,21437.0,14297.63,143.3065,▲ risk
2783,45.9,Application ID,0.0,7489.08,-128.7847,▼ risk
3547,45.9,MonthlyRate,0.0,14297.63,-286.9921,▼ risk
12097,45.9,MonthlyRate,21437.0,14297.63,143.3065,▲ risk
12102,45.9,MonthlyRate,21437.0,14297.63,143.3065,▲ risk
12105,45.9,MonthlyRate,21437.0,14297.63,143.3065,▲ risk
22439,45.8,MonthlyRate,25098.0,14297.63,216.7927,▲ risk
22442,45.8,MonthlyRate,25098.0,14297.63,216.7927,▲ risk
22450,45.8,MonthlyRate,25098.0,14297.63,216.7927,▲ risk
22447,45.8,MonthlyRate,25098.0,14297.63,216.7927,▲ risk
7339,45.7,MonthlyRate,25291.0,14297.63,220.6667,▲ risk
7332,45.7,MonthlyRate,25291.0,14297.63,220.6667,▲ risk
9475,45.6,MonthlyRate,6689.0,14297.63,-152.7258,▼ risk
9461,45.6,MonthlyRate,6689.0,14297.63,-152.7258,▼ risk
9466,45.6,MonthlyRate,6689.0,14297.63,-152.7258,▼ risk
9467,45.6,MonthlyRate,6689.0,14297.63,-152.7258,▼ risk
9469,45.6,MonthlyRate,6689.0,14297.63,-152.7258,▼ risk
9474,45.6,MonthlyRate,6689.0,14297.63,-152.7258,▼ risk
1243,45.5,MonthlyRate,21777.0,14297.63,150.1312,▲ risk
2103,45.5,MonthlyRate,23300.0,14297.63,180.7019,▲ risk
2098,45.5,MonthlyRate,23300.0,14297.63,180.7019,▲ risk
2106,45.5,MonthlyRate,23300.0,14297.63,180.7019,▲ risk
1246,45.5,MonthlyRate,21777.0,14297.63,150.1312,▲ risk
2111,45.5,MonthlyRate,23300.0,14297.63,180.7019,▲ risk
1250,45.5,MonthlyRate,21777.0,14297.63,150.1312,▲ risk
1253,45.5,MonthlyRate,21777.0,14297.63,150.1312,▲ risk
5248,45.3,MonthlyRate,24737.0,14297.63,209.5464,▲ risk
4228,45.3,Application ID,0.0,7489.08,-128.7847,▼ risk
3104,45.3,Application ID,2466.0,7489.08,-86.3786,▼ risk
19780,45.3,Application ID,15742.0,7489.08,141.9199,▲ risk
19783,45.3,Application ID,15745.0,7489.08,141.9715,▲ risk
19788,45.3,Application ID,15749.0,7489.08,142.0403,▲ risk
19791,45.3,Application ID,0.0,7489.08,-128.7847,▼ risk
4240,45.3,Application ID,3355.0,7489.08,-71.091,▼ risk
4232,45.3,Application ID,0.0,7489.08,-128.7847,▼ risk
4236,45.3,Application ID,0.0,7489.08,-128.7847,▼ risk
5253,45.3,MonthlyRate,24737.0,14297.63,209.5464,▲ risk
5256,45.3,MonthlyRate,24737.0,14297.63,209.5464,▲ risk
5261,45.3,MonthlyRate,24737.0,14297.63,209.5464,▲ risk
21827,45.1,Application ID,17368.0,7489.08,169.8811,▲ risk
21825,45.1,Application ID,17367.0,7489.08,169.8639,▲ risk
21835,45.1,Application ID,17375.0,7489.08,170.0015,▲ risk
21833,45.1,Application ID,17374.0,7489.08,169.9843,▲ risk
19980,45.0,Application ID,0.0,7489.08,-128.7847,▼ risk
19976,45.0,Application ID,15912.0,7489.08,144.8433,▲ risk
19972,45.0,Application ID,15908.0,7489.08,144.7745,▲ risk
19968,45.0,Application ID,15904.0,7489.08,144.7057,▲ risk
730,44.7,Application ID,0.0,7489.08,-128.7847,▼ risk
728,44.7,Application ID,595.0,7489.08,-118.5529,▼ risk
736,44.7,Application ID,601.0,7489.08,-118.4497,▼ risk
6810,44.7,MonthlyRate,3809.0,14297.63,-210.5352,▼ risk
6817,44.7,MonthlyRate,3809.0,14297.63,-210.5352,▼ risk
738,44.7,Application ID,602.0,7489.08,-118.4325,▼ risk
20486,44.7,Application ID,16325.0,7489.08,151.9453,▲ risk
20480,44.7,Application ID,16319.0,7489.08,151.8422,▲ risk
20488,44.7,Application ID,16327.0,7489.08,151.9797,▲ risk
20478,44.7,Application ID,16317.0,7489.08,151.8078,▲ risk
1853,44.6,MonthlyRate,23785.0,14297.63,190.4372,▲ risk
11164,44.6,Application ID,8845.0,7489.08,23.3168,▲ risk
11169,44.6,Application ID,8849.0,7489.08,23.3856,▲ risk
1844,44.6,MonthlyRate,23785.0,14297.63,190.4372,▲ risk
1846,44.6,MonthlyRate,23785.0,14297.63,190.4372,▲ risk
15975,44.4,MonthlyRate,25681.0,14297.63,228.495,▲ risk
1475,44.4,Application ID,1202.0,7489.08,-108.1147,▼ risk
1469,44.4,Application ID,0.0,7489.08,-128.7847,▼ risk
15980,44.4,MonthlyRate,25681.0,14297.63,228.495,▲ risk
15972,44.4,MonthlyRate,25681.0,14297.63,228.495,▲ risk
1466,44.4,Application ID,1194.0,7489.08,-108.2523,▼ risk
15967,44.4,MonthlyRate,25681.0,14297.63,228.495,▲ risk
1476,44.4,Application ID,1203.0,7489.08,-108.0975,▼ risk
1468,44.4,Application ID,1196.0,7489.08,-108.2179,▼ risk
1470,44.4,Application ID,1197.0,7489.08,-108.2007,▼ risk
1473,44.4,Application ID,1200.0,7489.08,-108.1491,▼ risk
1477,44.4,Application ID,0.0,7489.08,-128.7847,▼ risk
20982,44.2,MonthlyRate,21495.0,14297.63,144.4707,▲ risk
20984,44.2,Application ID,16721.0,7489.08,158.7551,▲ risk
20976,44.2,Application ID,16715.0,7489.08,158.6519,▲ risk
20983,44.2,Application ID,16720.0,7489.08,158.7379,▲ risk
20974,44.2,Application ID,16713.0,7489.08,158.6175,▲ risk
20979,44.2,Application ID,16717.0,7489.08,158.6863,▲ risk
20975,44.2,Application ID,16714.0,7489.08,158.6347,▲ risk
20971,44.2,Application ID,16710.0,7489.08,158.5659,▲ risk
5260,44.1,MonthlyRate,24737.0,14297.63,209.5464,▲ risk
5254,44.1,MonthlyRate,24737.0,14297.63,209.5464,▲ risk
5246,44.1,MonthlyRate,24737.0,14297.63,209.5464,▲ risk
5252,44.1,MonthlyRate,24737.0,14297.63,209.5464,▲ risk
19388,44.0,Application ID,0.0,7489.08,-128.7847,▼ risk
19385,44.0,Application ID,15430.0,7489.08,136.5546,▲ risk
19393,44.0,Application ID,15436.0,7489.08,136.6578,▲ risk
19380,44.0,Application ID,15427.0,7489.08,136.503,▲ risk
2782,44.0,Application ID,2213.0,7489.08,-90.7293,▼ risk
2774,44.0,Application ID,2207.0,7489.08,-90.8324,▼ risk
1768,43.9,Application ID,1427.0,7489.08,-104.2456,▼ risk
1704,43.9,Application ID,0.0,7489.08,-128.7847,▼ risk
1775,43.9,Application ID,1433.0,7489.08,-104.1424,▼ risk
13949,43.8,MonthlyRate,21026.0,14297.63,135.0566,▲ risk
13943,43.8,MonthlyRate,21026.0,14297.63,135.0566,▲ risk
13951,43.8,MonthlyRate,21026.0,14297.63,135.0566,▲ risk
6808,43.8,MonthlyRate,18437.0,14297.63,83.0884,▲ risk
13957,43.8,MonthlyRate,21026.0,14297.63,135.0566,▲ risk
6806,43.8,MonthlyRate,18437.0,14297.63,83.0884,▲ risk
9114,43.8,MonthlyRate,18686.0,14297.63,88.0865,▲ risk
9106,43.8,MonthlyRate,18686.0,14297.63,88.0865,▲ risk
6815,43.8,MonthlyRate,18437.0,14297.63,83.0884,▲ risk
